picture_name,test_1.jpg
DDP-544.jpg,0
DDP-545.jpg,0
DDP-546.jpg,0
DDP-547.jpg,0
DDP-548.jpg,0
DDP-549.jpg,0
DDP-55.jpg,0
DDP-550.jpg,0
DDP-551.jpg,0
DDP-552.jpg,0
DDP-553.jpg,0
DDP-554.jpg,0
DDP-555.jpg,0
DDP-556.jpg,0
DDP-557.jpg,0
DDP-558.jpg,0
DDP-559.jpg,0
DDP-56.jpg,0
DDP-561.jpg,0
DDP-562.jpg,0
DDP-563.jpg,0
DDP-564.jpg,0
DDP-566.jpg,0
DDP-567.jpg,0
DDP-568.jpg,0
DDP-569.jpg,0
DDP-57.jpg,0
DDP-570.jpg,0
DDP-571.jpg,0
DDP-572.jpg,0
DDP-573.jpg,0
DDP-574.jpg,0
DDP-575.jpg,0
DDP-577.jpg,0
DDP-579.jpg,0
DDP-58.jpg,0
DDP-581.jpg,0
DDP-582.jpg,0
DDP-583.jpg,0
DDP-584.jpg,0
DDP-585.jpg,0
DDP-586.jpg,0
DDP-587.jpg,0
DDP-588.jpg,0
DDP-589.jpg,0
DDP-59.jpg,0
DDP-590.jpg,0
DDP-591.jpg,0
DDP-592.jpg,0
DDP-593.jpg,0
DDP-594.jpg,0
DDP-595.jpg,0
DDP-596.jpg,0
DDP-597.jpg,0
DDP-598.jpg,0
DDP-599.jpg,0
DDP-6.jpg,0
DDP-60.jpg,0
DDP-600.jpg,0
DDP-601.jpg,0
DDP-602.jpg,0
DDP-603.jpg,0
DDP-604.jpg,0
DDP-605.jpg,0
DDP-606.jpg,0
DDP-607.jpg,0
DDP-608.jpg,0
DDP-609.jpg,0
DDP-61.jpg,0
DDP-610.jpg,0
DDP-611.jpg,0
DDP-612.jpg,0
DDP-613.jpg,0
DDP-614.jpg,0
DDP-615.jpg,0
DDP-616.jpg,0
DDP-617.jpg,0
DDP-618.jpg,0
DDP-619.jpg,0
DDP-62.jpg,0
DDP-620.jpg,0
DDP-622.jpg,0
DDP-625.jpg,0
DDP-627.jpg,0
DDP-63.jpg,0
DDP-631.jpg,1
DDP-632.jpg,0
DDP-633.jpg,1
DDP-634.jpg,1
DDP-635.jpg,0
DDP-636.jpg,0
DDP-638.jpg,0
DDP-640.jpg,0
DDP-641.jpg,0
DDP-642.jpg,0
DDP-645.jpg,0
DDP-646.jpg,0
DDP-648.jpg,0
DDP-649.jpg,0
DDP-65.jpg,0
